Work Life Summary,Avg To-Do Completed - Male,Avg To-Do Completed - Female,Median To-Do Completed - Male,Median To-Do Completed - Female,Avg Personal Awards - Male,Avg Personal Awards - Female,Median Personal Awards - Male,Median Personal Awards - Female,Avg Achievements - Male,Avg Achievements - Female,Median Achievements - Male,Median Achievements - Female
Poor,0.5,1.5227272727272727,0.0,1.0,1.1333333333333333,2.022727272727273,1.0,2.0,0.6666666666666666,0.5454545454545454,0.0,0.0
Good,4.605042016806722,5.078006872852233,5.0,5.0,4.594275210084033,4.767525773195876,4.0,4.0,2.9327731092436973,3.0652920962199315,3.0,3.0
Excellent,6.996043956043956,7.181021532298447,7.0,8.0,7.495384615384616,7.210315473209815,8.0,8.0,5.837802197802198,5.398597896845268,5.0,5.0
