Work Life Summary,Avg Flow Hours - Male,Avg Flow Hours - Female,Median Flow Hours - Male,Median Flow Hours - Female,Avg Weekly Meditation - Male,Avg Weekly Meditation - Female,Median Weekly Meditation - Male,Median Weekly Meditation - Female,Avg Weekly Shouting - Male,Avg Weekly Shouting - Female,Median Weekly Shouting - Male,Median Weekly Shouting - Female,Avg Daily Stress - Male,Avg Daily Stress - Female,Median Daily Stress - Male,Median Daily Stress - Female,Avg Daily Time for Passion - Male,Avg Daily Time for Passion - Female,Median Daily Time for Passion - Male,Median Daily Time for Passion - Female
Poor,0.5666666666666667,0.9318181818181818,0.0,0.5,2.533333333333333,1.5454545454545454,1.0,0.5,7.166666666666667,7.25,10.0,10.0,4.366666666666666,4.4772727272727275,5.0,5.0,0.3333333333333333,0.5681818181818182,0.0,0.0
Good,2.4254201680672267,2.5347079037800686,2.0,2.0,5.867384453781512,5.217182130584193,6.0,5.0,3.039390756302521,3.495189003436426,2.0,3.0,2.8500525210084033,3.2446735395189004,3.0,3.0,2.4684873949579833,2.37680412371134,2.0,2.0
Excellent,4.376703296703297,4.2603905858788185,4.0,4.0,7.796483516483517,7.253129694541813,8.0,7.0,2.1037362637362635,2.397346019028543,1.0,2.0,2.101098901098901,2.438908362543816,2.0,2.0,4.956043956043956,4.65222834251377,5.0,4.0
