Work Life Summary,Avg Lost Vacation - Male,Avg Lost Vacation - Female,Median Lost Vacation - Male,Median Lost Vacation - Female,Avg Supporting Others - Male,Avg Supporting Others - Female,Median Supporting Others - Male,Median Supporting Others - Female,Avg Life Vision - Male,Avg Life Vision - Female,Median Life Vision - Male,Median Life Vision - Female,Avg Donation - Male,Avg Donation - Female,Median Donation - Male,Median Donation - Female,Avg Sufficient Income - Male,Avg Sufficient Income - Female,Median Sufficient Income - Male,Median Sufficient Income - Female
Poor,6.233333333333333,6.4772727272727275,10.0,10.0,0.43333333333333335,1.5681818181818181,0.0,1.0,1.5,0.7727272727272727,0.0,0.0,0.16666666666666666,0.4318181818181818,0.0,0.0,1.1,1.0454545454545454,1.0,1.0
Good,3.58140756302521,3.4611683848797252,2.0,2.0,3.8960084033613445,4.840378006872852,3.0,4.0,2.86922268907563,2.6869415807560135,2.0,2.0,1.8954831932773109,2.3554982817869417,1.0,2.0,1.6418067226890756,1.6173539518900344,2.0,2.0
Excellent,2.036043956043956,1.8540310465698548,0.0,0.0,7.10945054945055,7.619679519278918,8.0,8.0,5.59956043956044,5.14371557336004,5.0,5.0,3.3705494505494507,3.691787681522283,4.0,4.0,1.8989010989010988,1.8900851276915374,2.0,2.0
